ID,motor_power,speed,power_electronics_temp,electronics_temp,dc_link_voltage,supply_voltage,supply_current,FaultCode
1,138.2921060155469,1284,36.42,36.495000000000005,612.99,417,0.33163574584064004,0
2,131.6593910987341,1284,36.42,36.57,583.59,397,0.33163574584064004,0
3,137.29719877802498,1284,36.42,36.645,608.58,414,0.33163574584064004,0
4,127.01649065696513,1284,36.42,36.72,563.01,383,0.33163574584064004,0
5,132.98593408209666,1284,36.42,36.795,589.47,401,0.33163574584064004,0
6,132.98593408209666,1284,36.42,36.870000000000005,589.47,401,0.33163574584064004,0
7,133.98084131961858,1284,36.42,36.945,593.88,404,0.33163574584064004,0
8,137.96047026970626,1284,36.42,37.02,611.52,416,0.33163574584064004,0
9,133.3175698279373,1284,36.42,37.095,590.9399999999999,402,0.33163574584064004,0
10,126.35321916528386,1284,36.42,37.17,560.0699999999999,381,0.33163574584064004,0
11,139.2870132530688,1284,36.42,37.245000000000005,617.4,420,0.33163574584064004,0
12,137.29719877802498,1284,36.42,37.32,608.58,414,0.33163574584064004,0
13,126.02158341944322,1284,36.42,37.395,558.6,380,0.33163574584064004,0
14,129.66957662369026,1284,36.42,37.47,574.77,391,0.33163574584064004,0
15,133.64920557377795,1284,36.42,37.545,592.41,403,0.33163574584064004,0
16,141.94009921979395,1284,36.42,37.620000000000005,629.16,428,0.33163574584064004,0
17,138.62374176138755,1284,36.42,37.695,614.46,418,0.33163574584064004,0
18,139.61864899890946,1284,36.42,37.77,618.87,421,0.33163574584064004,0
19,134.64411281129986,1284,36.42,37.845,596.8199999999999,406,0.33163574584064004,0
20,136.30229154050306,1284,36.42,37.92,604.17,411,0.33163574584064004,0
21,136.30229154050306,1284,36.42,37.995000000000005,604.17,411,0.33163574584064004,0
22,130.33284811537155,1284,36.42,38.07,577.71,393,0.33163574584064004,0
23,137.29719877802498,1284,36.42,38.145,608.58,414,0.33163574584064004,0
24,130.66448386121218,1284,36.42,38.22,579.18,394,0.33163574584064004,0
25,133.3175698279373,1284,36.42,38.295,590.9399999999999,402,0.33163574584064004,2
26,139.61864899890946,1284,36.42,38.370000000000005,618.87,421,0.33163574584064004,2
27,134.64411281129986,1284,36.42,38.445,596.8199999999999,406,0.33163574584064004,2
28,127.01649065696513,1284,36.42,38.52,563.01,383,0.33163574584064004,2
29,132.32266259041538,1284,36.42,38.595,586.53,399,0.33163574584064004,2
30,135.30738430298115,1284,36.42,38.67,599.76,408,0.33163574584064004,2
31,132.654298336256,1284,36.42,38.745000000000005,588.0,400,0.33163574584064004,2
32,126.68485491112449,1284,36.42,38.82,561.54,382,0.33163574584064004,2
33,131.99102684457475,1284,36.42,38.895,585.06,398,0.33163574584064004,2
34,141.6084634739533,1284,36.42,38.97,627.6899999999999,427,0.33163574584064004,2
35,141.6084634739533,1284,36.42,39.045,627.6899999999999,427,0.33163574584064004,2
36,137.96047026970626,1284,36.42,39.120000000000005,611.52,416,0.33163574584064004,2
37,140.945191982272,1284,36.42,39.195,624.75,425,0.33163574584064004,2
38,134.9757485571405,1284,36.42,39.27,598.29,407,0.33163574584064004,2
39,135.30738430298115,1284,36.42,39.345,599.76,408,0.33163574584064004,2
40,140.61355623643138,1284,36.42,39.42,623.28,424,0.33163574584064004,2
41,132.654298336256,1284,36.42,39.495000000000005,588.0,400,0.33163574584064004,2
42,130.9961196070528,1284,36.42,39.57,580.65,395,0.33163574584064004,2
43,138.2921060155469,1284,36.42,39.645,612.99,417,0.33163574584064004,2
44,126.02158341944322,1284,36.42,39.72,558.6,380,0.33163574584064004,2
45,135.9706557946624,1284,36.42,39.795,602.7,410,0.33163574584064004,2
46,130.33284811537155,1284,36.42,39.870000000000005,577.71,393,0.33163574584064004,2
47,130.33284811537155,1284,36.42,39.945,577.71,393,0.33163574584064004,2
48,137.6288345238656,1284,36.42,40.02,610.05,415,0.33163574584064004,2
49,133.98084131961858,1284,36.42,40.095,593.88,404,0.33163574584064004,2
50,135.63902004882178,1284,36.42,40.17,601.23,409,0.33163574584064004,2
51,129.00630513200898,1284,36.42,40.245000000000005,571.83,389,0.33163574584064004,2
52,130.33284811537155,1284,36.42,40.32,577.71,393,0.33163574584064004,2
53,126.02158341944322,1284,36.42,40.395,558.6,380,0.33163574584064004,2
54,130.66448386121218,1284,36.42,40.47,579.18,394,0.33163574584064004,2
55,134.64411281129986,1284,36.42,40.545,596.8199999999999,406,0.33163574584064004,2
56,139.2870132530688,1284,36.42,40.620000000000005,617.4,420,0.33163574584064004,2
57,126.35321916528386,1284,36.42,40.695,560.0699999999999,381,0.33163574584064004,2
58,126.02158341944322,1284,36.42,40.77,558.6,380,0.33163574584064004,2
59,128.67466938616835,1284,36.42,40.845,570.36,388,0.33163574584064004,2
60,137.6288345238656,1284,36.42,40.92,610.05,415,0.33163574584064004,2
61,127.01649065696513,1284,36.42,40.995000000000005,563.01,383,0.33163574584064004,2
62,132.654298336256,1284,36.42,41.07,588.0,400,0.33163574584064004,2
63,128.67466938616835,1284,36.42,41.145,570.36,388,0.33163574584064004,2
64,131.32775535289346,1284,36.42,41.22,582.12,396,0.33163574584064004,2
65,135.9706557946624,1284,36.42,41.295,602.7,410,0.33163574584064004,2
66,137.29719877802498,1284,36.42,41.370000000000005,608.58,414,0.33163574584064004,2
67,127.34812640280578,1284,36.42,41.445,564.48,384,0.33163574584064004,2
68,139.2870132530688,1284,36.42,41.52,617.4,420,0.33163574584064004,2
69,137.96047026970626,1284,36.42,41.595,611.52,416,0.33163574584064004,2
70,135.30738430298115,1284,36.42,41.67,599.76,408,0.33163574584064004,2
71,142.6033707114752,1284,36.42,41.745000000000005,632.1,430,0.33163574584064004,2
72,138.62374176138755,1284,36.42,41.82,614.46,418,0.33163574584064004,2
73,136.6339272863437,1284,36.42,41.895,605.64,412,0.33163574584064004,2
74,129.00630513200898,1284,36.42,41.97,571.83,389,0.33163574584064004,2
75,139.9502847447501,1284,36.42,42.045,620.34,422,0.33163574584064004,2
76,141.94009921979395,1284,36.42,42.120000000000005,629.16,428,0.33163574584064004,2
77,141.6084634739533,1284,36.42,42.195,627.6899999999999,427,0.33163574584064004,2
78,138.2921060155469,1284,36.42,42.27,612.99,417,0.33163574584064004,2
79,128.01139789448706,1284,36.42,42.345,567.42,386,0.33163574584064004,2
80,129.3379408778496,1284,36.42,42.42,573.3,390,0.33163574584064004,2
81,129.3379408778496,1284,36.42,42.495000000000005,573.3,390,0.33163574584064004,2
82,138.95537750722818,1284,36.42,42.57,615.93,419,0.33163574584064004,2
83,135.9706557946624,1284,36.42,42.645,602.7,410,0.33163574584064004,2
84,141.6084634739533,1284,36.42,42.72,627.6899999999999,427,0.33163574584064004,2
85,133.3175698279373,1284,36.42,42.795,590.9399999999999,402,0.33163574584064004,2
86,139.2870132530688,1284,36.42,42.870000000000005,617.4,420,0.33163574584064004,2
87,137.6288345238656,1284,36.42,42.945,610.05,415,0.33163574584064004,2
88,135.30738430298115,1284,36.42,43.02,599.76,408,0.33163574584064004,2
89,132.654298336256,1284,36.42,43.095,588.0,400,0.33163574584064004,2
90,136.6339272863437,1284,36.42,43.17,605.64,412,0.33163574584064004,2
91,140.61355623643138,1284,36.42,43.245000000000005,623.28,424,0.33163574584064004,2
92,131.32775535289346,1284,36.42,43.32,582.12,396,0.33163574584064004,2
93,128.3430336403277,1284,36.42,43.395,568.89,387,0.33163574584064004,2
94,137.29719877802498,1284,36.42,43.47,608.58,414,0.33163574584064004,2
95,141.94009921979395,1284,36.42,43.545,629.16,428,0.33163574584064004,2
96,129.3379408778496,1284,36.42,43.620000000000005,573.3,390,0.33163574584064004,2
97,138.2921060155469,1284,36.42,43.695,612.99,417,0.33163574584064004,2
98,141.27682772811266,1284,36.42,43.77,626.22,426,0.33163574584064004,2
99,139.61864899890946,1284,36.42,43.845,618.87,421,0.33163574584064004,2
100,138.2921060155469,1284,36.42,43.92,612.99,417,0.33163574584064004,2
101,138.95537750722818,1284,36.42,43.995000000000005,615.93,419,0.33163574584064004,2
102,131.32775535289346,1284,36.42,44.07,582.12,396,0.33163574584064004,2
103,127.01649065696513,1284,36.42,44.145,563.01,383,0.33163574584064004,2
104,140.945191982272,1284,36.42,44.22,624.75,425,0.33163574584064004,2
105,141.27682772811266,1284,36.42,44.295,626.22,426,0.33163574584064004,2
106,139.9502847447501,1284,36.42,44.370000000000005,620.34,422,0.33163574584064004,2
107,142.6033707114752,1284,36.42,44.445,632.1,430,0.33163574584064004,2
108,130.66448386121218,1284,36.42,44.52,579.18,394,0.33163574584064004,2
109,134.9757485571405,1284,36.42,44.595,598.29,407,0.33163574584064004,2
110,129.3379408778496,1284,36.42,44.67,573.3,390,0.33163574584064004,2
111,131.32775535289346,1284,36.42,44.745000000000005,582.12,396,0.33163574584064004,2
112,134.3124770654592,1284,36.42,44.82,595.35,405,0.33163574584064004,2
113,138.62374176138755,1284,36.42,44.895,614.46,418,0.33163574584064004,2
114,127.01649065696513,1284,36.42,44.97,563.01,383,0.33163574584064004,2
115,138.95537750722818,1284,36.42,45.045,615.93,419,0.33163574584064004,2
116,130.33284811537155,1284,36.42,45.120000000000005,577.71,393,0.33163574584064004,2
117,134.3124770654592,1284,36.42,45.195,595.35,405,0.33163574584064004,2
118,140.945191982272,1284,36.42,45.27,624.75,425,0.33163574584064004,2
119,132.98593408209666,1284,36.42,45.345,589.47,401,0.33163574584064004,2
120,142.27173496563458,1284,36.42,45.42,630.63,429,0.33163574584064004,2
121,129.00630513200898,1284,36.42,45.495000000000005,571.83,389,0.33163574584064004,2
122,130.66448386121218,1284,36.42,45.57,579.18,394,0.33163574584064004,2
123,133.3175698279373,1284,36.42,45.645,590.9399999999999,402,0.33163574584064004,2
124,130.33284811537155,1284,36.42,45.72,577.71,393,0.33163574584064004,2
125,135.30738430298115,1284,36.42,45.795,599.76,408,0.33163574584064004,2
126,135.30738430298115,1284,36.42,45.870000000000005,599.76,408,0.33163574584064004,2
127,137.29719877802498,1284,36.42,45.945,608.58,414,0.33163574584064004,2
128,129.3379408778496,1284,36.42,46.02,573.3,390,0.33163574584064004,2
129,141.94009921979395,1284,36.42,46.095,629.16,428,0.33163574584064004,2
130,132.32266259041538,1284,36.42,46.17,586.53,399,0.33163574584064004,2
131,133.98084131961858,1284,36.42,46.245000000000005,593.88,404,0.33163574584064004,2
132,142.27173496563458,1284,36.42,46.32,630.63,429,0.33163574584064004,2
133,136.30229154050306,1284,36.42,46.395,604.17,411,0.33163574584064004,2
134,130.66448386121218,1284,36.42,46.47,579.18,394,0.33163574584064004,2
135,132.654298336256,1284,36.42,46.545,588.0,400,0.33163574584064004,2
136,140.61355623643138,1284,36.42,46.620000000000005,623.28,424,0.33163574584064004,2
137,127.01649065696513,1284,36.42,46.695,563.01,383,0.33163574584064004,2
138,134.3124770654592,1284,36.42,46.77,595.35,405,0.33163574584064004,2
139,129.3379408778496,1284,36.42,46.845,573.3,390,0.33163574584064004,2
140,140.28192049059075,1284,36.42,46.92,621.81,423,0.33163574584064004,2
141,137.96047026970626,1284,36.42,46.995000000000005,611.52,416,0.33163574584064004,2
142,127.34812640280578,1284,36.42,47.07,564.48,384,0.33163574584064004,2
143,136.30229154050306,1284,36.42,47.145,604.17,411,0.33163574584064004,2
144,132.98593408209666,1284,36.42,47.22,589.47,401,0.33163574584064004,2
145,135.9706557946624,1284,36.42,47.295,602.7,410,0.33163574584064004,2
146,133.64920557377795,1284,36.42,47.370000000000005,592.41,403,0.33163574584064004,2
147,139.61864899890946,1284,36.42,47.445,618.87,421,0.33163574584064004,2
148,140.61355623643138,1284,36.42,47.52,623.28,424,0.33163574584064004,2
149,137.6288345238656,1284,36.42,47.595,610.05,415,0.33163574584064004,2
150,127.01649065696513,1284,36.42,47.67,563.01,383,0.33163574584064004,2
151,142.6033707114752,1284,36.42,47.745000000000005,632.1,430,0.33163574584064004,2
152,140.61355623643138,1284,36.42,47.82,623.28,424,0.33163574584064004,2
153,131.32775535289346,1284,36.42,47.895,582.12,396,0.33163574584064004,2
154,138.95537750722818,1284,36.42,47.97,615.93,419,0.33163574584064004,2
155,139.2870132530688,1284,36.42,48.045,617.4,420,0.33163574584064004,2
156,130.66448386121218,1284,36.42,48.120000000000005,579.18,394,0.33163574584064004,2
157,139.9502847447501,1284,36.42,48.195,620.34,422,0.33163574584064004,2
158,132.98593408209666,1284,36.42,48.27,589.47,401,0.33163574584064004,2
159,141.94009921979395,1284,36.42,48.345,629.16,428,0.33163574584064004,2
160,136.96556303218435,1284,36.42,48.42,607.11,413,0.33163574584064004,2
161,142.27173496563458,1284,36.42,48.495000000000005,630.63,429,0.33163574584064004,2
162,138.62374176138755,1284,36.42,48.57,614.46,418,0.33163574584064004,2
163,134.64411281129986,1284,36.42,48.645,596.8199999999999,406,0.33163574584064004,2
164,142.6033707114752,1284,36.42,48.72,632.1,430,0.33163574584064004,2
165,135.30738430298115,1284,36.42,48.795,599.76,408,0.33163574584064004,2
166,127.67976214864642,1284,36.42,48.870000000000005,565.95,385,0.33163574584064004,2
167,135.9706557946624,1284,36.42,48.945,602.7,410,0.33163574584064004,2
168,130.0012123695309,1284,36.42,49.02,576.24,392,0.33163574584064004,2
169,142.27173496563458,1284,36.42,49.095,630.63,429,0.33163574584064004,2
170,134.3124770654592,1284,36.42,49.17,595.35,405,0.33163574584064004,2
171,142.27173496563458,1284,36.42,49.245000000000005,630.63,429,0.33163574584064004,2
172,134.3124770654592,1284,36.42,49.32,595.35,405,0.33163574584064004,2
173,133.64920557377795,1284,36.42,49.395,592.41,403,0.33163574584064004,2
174,140.28192049059075,1284,36.42,49.47,621.81,423,0.33163574584064004,2
175,127.01649065696513,1284,36.42,49.545,563.01,383,0.33163574584064004,2
176,128.01139789448706,1284,36.42,49.620000000000005,567.42,386,0.33163574584064004,2
177,126.68485491112449,1284,36.42,49.695,561.54,382,0.33163574584064004,2
178,127.67976214864642,1284,36.42,49.77,565.95,385,0.33163574584064004,2
179,135.30738430298115,1284,36.42,49.845,599.76,408,0.33163574584064004,2
180,130.33284811537155,1284,36.42,49.92,577.71,393,0.33163574584064004,2
181,136.30229154050306,1284,36.42,49.995000000000005,604.17,411,0.33163574584064004,2
182,131.32775535289346,1284,36.42,50.07,582.12,396,0.33163574584064004,2
183,140.61355623643138,1284,36.42,50.145,623.28,424,0.33163574584064004,2
184,128.01139789448706,1284,36.42,50.22,567.42,386,0.33163574584064004,2
185,133.64920557377795,1284,36.42,50.295,592.41,403,0.33163574584064004,2
186,126.68485491112449,1284,36.42,50.370000000000005,561.54,382,0.33163574584064004,2
187,130.33284811537155,1284,36.42,50.445,577.71,393,0.33163574584064004,2
188,130.9961196070528,1284,36.42,50.52,580.65,395,0.33163574584064004,2
189,126.02158341944322,1284,36.42,50.595,558.6,380,0.33163574584064004,2
190,138.2921060155469,1284,36.42,50.67,612.99,417,0.33163574584064004,2
191,130.0012123695309,1284,36.42,50.745000000000005,576.24,392,0.33163574584064004,2
192,126.02158341944322,1284,36.42,50.82,558.6,380,0.33163574584064004,2
193,142.6033707114752,1284,36.42,50.895,632.1,430,0.33163574584064004,2
194,135.63902004882178,1284,36.42,50.97,601.23,409,0.33163574584064004,2
195,130.0012123695309,1284,36.42,51.045,576.24,392,0.33163574584064004,2
196,130.0012123695309,1284,36.42,51.120000000000005,576.24,392,0.33163574584064004,2
197,129.3379408778496,1284,36.42,51.195,573.3,390,0.33163574584064004,2
198,140.945191982272,1284,36.42,51.27,624.75,425,0.33163574584064004,2
199,128.01139789448706,1284,36.42,51.345,567.42,386,0.33163574584064004,2
200,128.67466938616835,1284,36.42,51.42,570.36,388,0.33163574584064004,2
201,141.6084634739533,1284,36.42,51.495000000000005,627.6899999999999,427,0.33163574584064004,2
202,126.68485491112449,1284,36.42,51.57,561.54,382,0.33163574584064004,2
203,129.00630513200898,1284,36.42,51.645,571.83,389,0.33163574584064004,2
204,142.27173496563458,1284,36.42,51.72,630.63,429,0.33163574584064004,2
205,131.99102684457475,1284,36.42,51.795,585.06,398,0.33163574584064004,2
206,130.66448386121218,1284,36.42,51.870000000000005,579.18,394,0.33163574584064004,2
207,139.2870132530688,1284,36.42,51.945,617.4,420,0.33163574584064004,2
208,132.98593408209666,1284,36.42,52.02,589.47,401,0.33163574584064004,2
209,130.33284811537155,1284,36.42,52.095,577.71,393,0.33163574584064004,2
210,139.9502847447501,1284,36.42,52.17,620.34,422,0.33163574584064004,2
211,142.27173496563458,1284,36.42,52.245000000000005,630.63,429,0.33163574584064004,2
212,132.98593408209666,1284,36.42,52.32,589.47,401,0.33163574584064004,2
213,141.27682772811266,1284,36.42,52.395,626.22,426,0.33163574584064004,2
214,136.96556303218435,1284,36.42,52.47,607.11,413,0.33163574584064004,2
215,130.9961196070528,1284,36.42,52.545,580.65,395,0.33163574584064004,2
216,135.30738430298115,1284,36.42,52.620000000000005,599.76,408,0.33163574584064004,2
217,134.64411281129986,1284,36.42,52.695,596.8199999999999,406,0.33163574584064004,2
218,137.29719877802498,1284,36.42,52.77,608.58,414,0.33163574584064004,2
219,137.29719877802498,1284,36.42,52.845,608.58,414,0.33163574584064004,2
220,141.94009921979395,1284,36.42,52.92,629.16,428,0.33163574584064004,2
221,138.95537750722818,1284,36.42,52.995000000000005,615.93,419,0.33163574584064004,2
222,138.62374176138755,1284,36.42,53.07,614.46,418,0.33163574584064004,2
223,137.29719877802498,1284,36.42,53.145,608.58,414,0.33163574584064004,2
224,130.0012123695309,1284,36.42,53.22,576.24,392,0.33163574584064004,2
225,134.3124770654592,1284,36.42,53.295,595.35,405,0.33163574584064004,2
226,126.68485491112449,1284,36.42,53.370000000000005,561.54,382,0.33163574584064004,2
227,130.66448386121218,1284,36.42,53.44500000000001,579.18,394,0.33163574584064004,2
228,142.27173496563458,1284,36.42,53.52,630.63,429,0.33163574584064004,2
229,135.9706557946624,1284,36.42,53.595,602.7,410,0.33163574584064004,2
230,128.67466938616835,1284,36.42,53.67,570.36,388,0.33163574584064004,2
231,127.01649065696513,1284,36.42,53.745000000000005,563.01,383,0.33163574584064004,2
232,130.9961196070528,1284,36.42,53.82000000000001,580.65,395,0.33163574584064004,2
233,132.32266259041538,1284,36.42,53.895,586.53,399,0.33163574584064004,2
234,132.32266259041538,1284,36.42,53.97,586.53,399,0.33163574584064004,2
235,136.30229154050306,1284,36.42,54.045,604.17,411,0.33163574584064004,2
236,141.6084634739533,1284,36.42,54.120000000000005,627.6899999999999,427,0.33163574584064004,2
237,131.6593910987341,1284,36.42,54.195,583.59,397,0.33163574584064004,2
238,139.2870132530688,1284,36.42,54.269999999999996,617.4,420,0.33163574584064004,2
239,133.98084131961858,1284,36.42,54.345,593.88,404,0.33163574584064004,2
240,137.96047026970626,1284,36.42,54.42,611.52,416,0.33163574584064004,2
241,140.28192049059075,1284,36.42,54.495000000000005,621.81,423,0.33163574584064004,2
242,135.9706557946624,1284,36.42,54.57,602.7,410,0.33163574584064004,2
243,128.67466938616835,1284,36.42,54.644999999999996,570.36,388,0.33163574584064004,2
244,132.32266259041538,1284,36.42,54.72,586.53,399,0.33163574584064004,2
245,133.98084131961858,1284,36.42,54.795,593.88,404,0.33163574584064004,2
246,126.35321916528386,1284,36.42,54.870000000000005,560.0699999999999,381,0.33163574584064004,2
247,127.67976214864642,1284,36.42,54.945,565.95,385,0.33163574584064004,2
248,139.9502847447501,1284,36.42,55.02,620.34,422,0.33163574584064004,2
249,137.29719877802498,1284,36.42,55.095,608.58,414,0.33163574584064004,2
250,128.67466938616835,1284,36.42,55.17,570.36,388,0.33163574584064004,2
251,128.01139789448706,1284,36.42,55.245000000000005,567.42,386,0.33163574584064004,2
252,140.61355623643138,1284,36.42,55.32,623.28,424,0.33163574584064004,2
253,126.02158341944322,1284,36.42,55.395,558.6,380,0.33163574584064004,2
254,141.6084634739533,1284,36.42,55.47,627.6899999999999,427,0.33163574584064004,2
255,129.00630513200898,1284,36.42,55.545,571.83,389,0.33163574584064004,2
256,132.32266259041538,1284,36.42,55.620000000000005,586.53,399,0.33163574584064004,2
257,132.654298336256,1284,36.42,55.69500000000001,588.0,400,0.33163574584064004,2
258,133.3175698279373,1284,36.42,55.77,590.9399999999999,402,0.33163574584064004,2
259,131.99102684457475,1284,36.42,55.845,585.06,398,0.33163574584064004,2
260,138.95537750722818,1284,36.42,55.92,615.93,419,0.33163574584064004,2
261,139.61864899890946,1284,36.42,55.995000000000005,618.87,421,0.33163574584064004,2
262,141.6084634739533,1284,36.42,56.07000000000001,627.6899999999999,427,0.33163574584064004,2
263,136.96556303218435,1284,36.42,56.145,607.11,413,0.33163574584064004,2
264,137.6288345238656,1284,36.42,56.22,610.05,415,0.33163574584064004,2
265,140.28192049059075,1284,36.42,56.295,621.81,423,0.33163574584064004,2
266,142.6033707114752,1284,36.42,56.370000000000005,632.1,430,0.33163574584064004,2
267,142.27173496563458,1284,36.42,56.44500000000001,630.63,429,0.33163574584064004,2
268,137.29719877802498,1284,36.42,56.52,608.58,414,0.33163574584064004,2
269,134.3124770654592,1284,36.42,56.595,595.35,405,0.33163574584064004,2
270,126.02158341944322,1284,36.42,56.67,558.6,380,0.33163574584064004,2
271,126.35321916528386,1284,36.42,56.745000000000005,560.0699999999999,381,0.33163574584064004,2
272,139.9502847447501,1284,36.42,56.82000000000001,620.34,422,0.33163574584064004,2
273,134.64411281129986,1284,36.42,56.895,596.8199999999999,406,0.33163574584064004,2
274,129.3379408778496,1284,36.42,56.97,573.3,390,0.33163574584064004,2
275,139.9502847447501,1284,36.42,57.045,620.34,422,0.33163574584064004,2
276,139.61864899890946,1284,36.42,57.120000000000005,618.87,421,0.33163574584064004,2
277,139.2870132530688,1284,36.42,57.19500000000001,617.4,420,0.33163574584064004,2
278,137.29719877802498,1284,36.42,57.27,608.58,414,0.33163574584064004,2
279,141.94009921979395,1284,36.42,57.345,629.16,428,0.33163574584064004,2
280,134.64411281129986,1284,36.42,57.42,596.8199999999999,406,0.33163574584064004,2
281,139.9502847447501,1284,36.42,57.495000000000005,620.34,422,0.33163574584064004,2
282,129.00630513200898,1284,36.42,57.57,571.83,389,0.33163574584064004,2
283,142.6033707114752,1284,36.42,57.644999999999996,632.1,430,0.33163574584064004,2
284,134.9757485571405,1284,36.42,57.72,598.29,407,0.33163574584064004,2
285,133.3175698279373,1284,36.42,57.795,590.9399999999999,402,0.33163574584064004,2
286,139.2870132530688,1284,36.42,57.870000000000005,617.4,420,0.33163574584064004,2
287,134.64411281129986,1284,36.42,57.945,596.8199999999999,406,0.33163574584064004,2
288,129.00630513200898,1284,36.42,58.019999999999996,571.83,389,0.33163574584064004,2
289,128.67466938616835,1284,36.42,58.095,570.36,388,0.33163574584064004,2
290,133.98084131961858,1284,36.42,58.17,593.88,404,0.33163574584064004,2
291,127.67976214864642,1284,36.42,58.245000000000005,565.95,385,0.33163574584064004,2
292,130.33284811537155,1284,36.42,58.32,577.71,393,0.33163574584064004,2
293,137.6288345238656,1284,36.42,58.394999999999996,610.05,415,0.33163574584064004,2
294,134.3124770654592,1284,36.42,58.47,595.35,405,0.33163574584064004,2
295,132.98593408209666,1284,36.42,58.545,589.47,401,0.33163574584064004,2
296,133.3175698279373,1284,36.42,58.620000000000005,590.9399999999999,402,0.33163574584064004,2
297,142.6033707114752,1284,36.42,58.695,632.1,430,0.33163574584064004,2
298,138.2921060155469,1284,36.42,58.769999999999996,612.99,417,0.33163574584064004,2
299,128.67466938616835,1284,36.42,58.845,570.36,388,0.33163574584064004,2
300,136.6339272863437,1284,36.42,58.92,605.64,412,0.33163574584064004,2
301,130.33284811537155,1284,36.42,58.995000000000005,577.71,393,0.33163574584064004,2
302,140.28192049059075,1284,36.42,59.07,621.81,423,0.33163574584064004,2
303,126.68485491112449,1284,36.42,59.144999999999996,561.54,382,0.33163574584064004,2
304,134.64411281129986,1284,36.42,59.22,596.8199999999999,406,0.33163574584064004,2
305,134.9757485571405,1284,36.42,59.295,598.29,407,0.33163574584064004,2
306,140.28192049059075,1284,36.42,59.370000000000005,621.81,423,0.33163574584064004,2
307,136.96556303218435,1284,36.42,59.445,607.11,413,0.33163574584064004,2
308,132.32266259041538,1284,36.42,59.52,586.53,399,0.33163574584064004,2
309,132.32266259041538,1284,36.42,59.595,586.53,399,0.33163574584064004,2
310,127.01649065696513,1284,36.42,59.67,563.01,383,0.33163574584064004,2
311,134.9757485571405,1284,36.42,59.745000000000005,598.29,407,0.33163574584064004,2
312,126.02158341944322,1284,36.42,59.82,558.6,380,0.33163574584064004,2
313,133.3175698279373,1284,36.42,59.895,590.9399999999999,402,0.33163574584064004,2
314,137.6288345238656,1284,36.42,59.97,610.05,415,0.33163574584064004,2
315,138.62374176138755,1284,36.42,60.045,614.46,418,0.33163574584064004,2
316,134.9757485571405,1284,36.42,60.120000000000005,598.29,407,0.33163574584064004,2
317,134.3124770654592,1284,36.42,60.195,595.35,405,0.33163574584064004,2
318,135.9706557946624,1284,36.42,60.27,602.7,410,0.33163574584064004,2
319,130.0012123695309,1284,36.42,60.345,576.24,392,0.33163574584064004,2
320,135.9706557946624,1284,36.42,60.42,602.7,410,0.33163574584064004,2
321,136.6339272863437,1284,36.42,60.495000000000005,605.64,412,0.33163574584064004,2
322,132.32266259041538,1284,36.42,60.57000000000001,586.53,399,0.33163574584064004,2
323,138.2921060155469,1284,36.42,60.645,612.99,417,0.33163574584064004,2
324,132.32266259041538,1284,36.42,60.72,586.53,399,0.33163574584064004,2
325,133.3175698279373,1284,36.42,60.795,590.9399999999999,402,0.33163574584064004,2
326,130.0012123695309,1284,36.42,60.870000000000005,576.24,392,0.33163574584064004,2
327,132.32266259041538,1284,36.42,60.94500000000001,586.53,399,0.33163574584064004,2
328,126.02158341944322,1284,36.42,61.02,558.6,380,0.33163574584064004,2
329,134.9757485571405,1284,36.42,61.095,598.29,407,0.33163574584064004,2
330,131.6593910987341,1284,36.42,61.17,583.59,397,0.33163574584064004,2
331,128.67466938616835,1284,36.42,61.245000000000005,570.36,388,0.33163574584064004,2
332,139.61864899890946,1284,36.42,61.32000000000001,618.87,421,0.33163574584064004,2
333,141.27682772811266,1284,36.42,61.395,626.22,426,0.33163574584064004,2
334,129.66957662369026,1284,36.42,61.47,574.77,391,0.33163574584064004,2
335,136.6339272863437,1284,36.42,61.545,605.64,412,0.33163574584064004,2
336,136.6339272863437,1284,36.42,61.620000000000005,605.64,412,0.33163574584064004,2
337,135.30738430298115,1284,36.42,61.69500000000001,599.76,408,0.33163574584064004,2
338,131.6593910987341,1284,36.42,61.77,583.59,397,0.33163574584064004,2
339,135.9706557946624,1284,36.42,61.845,602.7,410,0.33163574584064004,2
340,137.6288345238656,1284,36.42,61.92,610.05,415,0.33163574584064004,2
341,140.61355623643138,1284,36.42,61.995000000000005,623.28,424,0.33163574584064004,2
342,140.61355623643138,1284,36.42,62.07000000000001,623.28,424,0.33163574584064004,2
343,138.2921060155469,1284,36.42,62.145,612.99,417,0.33163574584064004,2
344,133.98084131961858,1284,36.42,62.22,593.88,404,0.33163574584064004,2
345,142.27173496563458,1284,36.42,62.295,630.63,429,0.33163574584064004,2
346,129.66957662369026,1284,36.42,62.370000000000005,574.77,391,0.33163574584064004,2
347,138.2921060155469,1284,36.42,62.445,612.99,417,0.33163574584064004,2
348,128.67466938616835,1284,36.42,62.519999999999996,570.36,388,0.33163574584064004,2
349,135.30738430298115,1284,36.42,62.595,599.76,408,0.33163574584064004,2
350,136.30229154050306,1284,36.42,62.67,604.17,411,0.33163574584064004,2
351,130.66448386121218,1284,36.42,62.745000000000005,579.18,394,0.33163574584064004,2
352,127.01649065696513,1284,36.42,62.82,563.01,383,0.33163574584064004,2
353,134.3124770654592,1284,36.42,62.894999999999996,595.35,405,0.33163574584064004,2
354,141.94009921979395,1284,36.42,62.97,629.16,428,0.33163574584064004,2
355,133.64920557377795,1284,36.42,63.045,592.41,403,0.33163574584064004,2
356,132.98593408209666,1284,36.42,63.120000000000005,589.47,401,0.33163574584064004,2
357,134.3124770654592,1284,36.42,63.195,595.35,405,0.33163574584064004,2
358,131.32775535289346,1284,36.42,63.269999999999996,582.12,396,0.33163574584064004,2
359,136.96556303218435,1284,36.42,63.345,607.11,413,0.33163574584064004,2
360,129.00630513200898,1284,36.42,63.42,571.83,389,0.33163574584064004,2
361,141.6084634739533,1284,36.42,63.495000000000005,627.6899999999999,427,0.33163574584064004,2
362,138.62374176138755,1284,36.42,63.57,614.46,418,0.33163574584064004,2
363,142.6033707114752,1284,36.42,63.644999999999996,632.1,430,0.33163574584064004,2
364,131.32775535289346,1284,36.42,63.72,582.12,396,0.33163574584064004,2
365,126.68485491112449,1284,36.42,63.795,561.54,382,0.33163574584064004,2
366,132.654298336256,1284,36.42,63.870000000000005,588.0,400,0.33163574584064004,2
367,133.98084131961858,1284,36.42,63.945,593.88,404,0.33163574584064004,2
368,130.66448386121218,1284,36.42,64.02,579.18,394,0.33163574584064004,2
369,128.3430336403277,1284,36.42,64.095,568.89,387,0.33163574584064004,2
370,126.35321916528386,1284,36.42,64.17,560.0699999999999,381,0.33163574584064004,2
371,138.95537750722818,1284,36.42,64.245,615.93,419,0.33163574584064004,2
372,134.64411281129986,1284,36.42,64.32,596.8199999999999,406,0.33163574584064004,2
373,141.6084634739533,1284,36.42,64.39500000000001,627.6899999999999,427,0.33163574584064004,2
374,130.9961196070528,1284,36.42,64.47,580.65,395,0.33163574584064004,2
375,131.32775535289346,1284,36.42,64.545,582.12,396,0.33163574584064004,2
376,134.9757485571405,1284,36.42,64.62,598.29,407,0.33163574584064004,2
377,142.6033707114752,1284,36.42,64.695,632.1,430,0.33163574584064004,2
378,132.32266259041538,1284,36.42,64.77000000000001,586.53,399,0.33163574584064004,2
379,141.94009921979395,1284,36.42,64.845,629.16,428,0.33163574584064004,2
380,133.64920557377795,1284,36.42,64.92,592.41,403,0.33163574584064004,2
381,141.6084634739533,1284,36.42,64.995,627.6899999999999,427,0.33163574584064004,2
382,136.6339272863437,1284,36.42,65.07000000000001,605.64,412,0.33163574584064004,2
383,128.67466938616835,1284,36.42,65.14500000000001,570.36,388,0.33163574584064004,2
384,137.96047026970626,1284,36.42,65.22,611.52,416,0.33163574584064004,2
385,138.62374176138755,1284,36.42,65.295,614.46,418,0.33163574584064004,2
386,134.9757485571405,1284,36.42,65.37,598.29,407,0.33163574584064004,2
387,137.96047026970626,1284,36.42,65.44500000000001,611.52,416,0.33163574584064004,2
388,126.68485491112449,1284,36.42,65.52000000000001,561.54,382,0.33163574584064004,2
389,138.95537750722818,1284,36.42,65.595,615.93,419,0.33163574584064004,2
390,136.30229154050306,1284,36.42,65.67,604.17,411,0.33163574584064004,2
391,130.33284811537155,1284,36.42,65.745,577.71,393,0.33163574584064004,2
392,131.32775535289346,1284,36.42,65.82000000000001,582.12,396,0.33163574584064004,2
393,141.6084634739533,1284,36.42,65.89500000000001,627.6899999999999,427,0.33163574584064004,2
394,131.6593910987341,1284,36.42,65.97,583.59,397,0.33163574584064004,2
395,130.66448386121218,1284,36.42,66.045,579.18,394,0.33163574584064004,2
396,138.2921060155469,1284,36.42,66.12,612.99,417,0.33163574584064004,2
397,136.6339272863437,1284,36.42,66.19500000000001,605.64,412,0.33163574584064004,2
398,137.96047026970626,1284,36.42,66.27000000000001,611.52,416,0.33163574584064004,2
399,131.99102684457475,1284,36.42,66.345,585.06,398,0.33163574584064004,2
400,132.98593408209666,1284,36.42,66.42,589.47,401,0.33163574584064004,2
401,141.6084634739533,1284,36.42,66.495,627.6899999999999,427,0.33163574584064004,2
402,142.6033707114752,1284,36.42,66.57000000000001,632.1,430,0.33163574584064004,2
403,142.27173496563458,1284,36.42,66.64500000000001,630.63,429,0.33163574584064004,2
404,137.6288345238656,1284,36.42,66.72,610.05,415,0.33163574584064004,2
405,137.29719877802498,1284,36.42,66.795,608.58,414,0.33163574584064004,2
406,134.3124770654592,1284,36.42,66.87,595.35,405,0.33163574584064004,2
407,126.02158341944322,1284,36.42,66.945,558.6,380,0.33163574584064004,2
408,135.30738430298115,1284,36.42,67.02,599.76,408,0.33163574584064004,2
409,138.2921060155469,1284,36.42,67.095,612.99,417,0.33163574584064004,2
410,130.33284811537155,1284,36.42,67.17,577.71,393,0.33163574584064004,2
411,141.6084634739533,1284,36.42,67.245,627.6899999999999,427,0.33163574584064004,2
412,140.61355623643138,1284,36.42,67.32,623.28,424,0.33163574584064004,2
413,134.3124770654592,1284,36.42,67.395,595.35,405,0.33163574584064004,2
414,130.66448386121218,1284,36.42,67.47,579.18,394,0.33163574584064004,2
415,131.32775535289346,1284,36.42,67.545,582.12,396,0.33163574584064004,2
416,138.95537750722818,1284,36.42,67.62,615.93,419,0.33163574584064004,2
417,133.64920557377795,1284,36.42,67.695,592.41,403,0.33163574584064004,2
418,135.30738430298115,1284,36.42,67.77,599.76,408,0.33163574584064004,2
419,139.61864899890946,1284,36.42,67.845,618.87,421,0.33163574584064004,2
420,132.98593408209666,1284,36.42,67.92,589.47,401,0.33163574584064004,2
421,141.94009921979395,1284,36.42,67.995,629.16,428,0.33163574584064004,2
422,133.98084131961858,1284,36.42,68.07,593.88,404,0.33163574584064004,2
423,128.01139789448706,1284,36.42,68.145,567.42,386,0.33163574584064004,2
424,127.01649065696513,1284,36.42,68.22,563.01,383,0.33163574584064004,2
425,138.2921060155469,1284,36.42,68.295,612.99,417,0.33163574584064004,2
426,141.94009921979395,1284,36.42,68.37,629.16,428,0.33163574584064004,2
427,138.62374176138755,1284,36.42,68.445,614.46,418,0.33163574584064004,2
428,133.98084131961858,1284,36.42,68.52000000000001,593.88,404,0.33163574584064004,2
429,130.0012123695309,1284,36.42,68.595,576.24,392,0.33163574584064004,2
430,133.64920557377795,1284,36.42,68.67,592.41,403,0.33163574584064004,2
431,136.6339272863437,1284,36.42,68.745,605.64,412,0.33163574584064004,2
432,126.02158341944322,1284,36.42,68.82,558.6,380,0.33163574584064004,2
433,135.9706557946624,1284,36.42,68.89500000000001,602.7,410,0.33163574584064004,2
434,136.96556303218435,1284,36.42,68.97,607.11,413,0.33163574584064004,2
435,134.64411281129986,1284,36.42,69.045,596.8199999999999,406,0.33163574584064004,2
436,137.29719877802498,1284,36.42,69.12,608.58,414,0.33163574584064004,2
437,132.32266259041538,1284,36.42,69.195,586.53,399,0.33163574584064004,2
438,131.99102684457475,1284,36.42,69.27000000000001,585.06,398,0.33163574584064004,2
439,135.30738430298115,1284,36.42,69.345,599.76,408,0.33163574584064004,2
440,137.29719877802498,1284,36.42,69.42,608.58,414,0.33163574584064004,2
441,132.654298336256,1284,36.42,69.495,588.0,400,0.33163574584064004,2
442,131.6593910987341,1284,36.42,69.57,583.59,397,0.33163574584064004,2
443,132.32266259041538,1284,36.42,69.64500000000001,586.53,399,0.33163574584064004,2
444,141.27682772811266,1284,36.42,69.72,626.22,426,0.33163574584064004,2
445,137.6288345238656,1284,36.42,69.795,610.05,415,0.33163574584064004,2
446,133.3175698279373,1284,36.42,69.87,590.9399999999999,402,0.33163574584064004,2
447,134.64411281129986,1284,36.42,69.945,596.8199999999999,406,0.33163574584064004,2
448,138.62374176138755,1284,36.42,70.02000000000001,614.46,418,0.33163574584064004,2
449,134.9757485571405,1284,36.42,70.095,598.29,407,0.33163574584064004,2
450,137.96047026970626,1284,36.42,70.17,611.52,416,0.33163574584064004,2
451,131.6593910987341,1284,36.42,70.245,583.59,397,0.33163574584064004,2
452,133.98084131961858,1284,36.42,70.32,593.88,404,0.33163574584064004,2
453,141.6084634739533,1284,36.42,70.39500000000001,627.6899999999999,427,0.33163574584064004,2
454,136.6339272863437,1284,36.42,70.47,605.64,412,0.33163574584064004,2
455,138.62374176138755,1284,36.42,70.545,614.46,418,0.33163574584064004,2
456,127.67976214864642,1284,36.42,70.62,565.95,385,0.33163574584064004,2
457,139.2870132530688,1284,36.42,70.695,617.4,420,0.33163574584064004,2
458,136.6339272863437,1284,36.42,70.77000000000001,605.64,412,0.33163574584064004,2
459,135.63902004882178,1284,36.42,70.845,601.23,409,0.33163574584064004,2
460,131.6593910987341,1284,36.42,70.92,583.59,397,0.33163574584064004,2
461,131.32775535289346,1284,36.42,70.995,582.12,396,0.33163574584064004,2
462,134.3124770654592,1284,36.42,71.07,595.35,405,0.33163574584064004,2
463,134.3124770654592,1284,36.42,71.14500000000001,595.35,405,0.33163574584064004,2
464,129.3379408778496,1284,36.42,71.22,573.3,390,0.33163574584064004,2
465,140.28192049059075,1284,36.42,71.295,621.81,423,0.33163574584064004,2
466,134.3124770654592,1284,36.42,71.37,595.35,405,0.33163574584064004,2
467,128.67466938616835,1284,36.42,71.445,570.36,388,0.33163574584064004,2
468,136.30229154050306,1284,36.42,71.52000000000001,604.17,411,0.33163574584064004,2
469,131.32775535289346,1284,36.42,71.595,582.12,396,0.33163574584064004,2
470,141.27682772811266,1284,36.42,71.67,626.22,426,0.33163574584064004,2
471,130.9961196070528,1284,36.42,71.745,580.65,395,0.33163574584064004,2
472,132.654298336256,1284,36.42,71.82,588.0,400,0.33163574584064004,2
473,126.35321916528386,1284,36.42,71.89500000000001,560.0699999999999,381,0.33163574584064004,2
474,134.64411281129986,1284,36.42,71.97,596.8199999999999,406,0.33163574584064004,2
475,141.94009921979395,1284,36.42,72.045,629.16,428,0.33163574584064004,2
476,132.98593408209666,1284,36.42,72.12,589.47,401,0.33163574584064004,2
477,138.62374176138755,1284,36.42,72.195,614.46,418,0.33163574584064004,2
478,127.67976214864642,1284,36.42,72.27000000000001,565.95,385,0.33163574584064004,2
479,130.0012123695309,1284,36.42,72.345,576.24,392,0.33163574584064004,2
480,139.2870132530688,1284,36.42,72.42,617.4,420,0.33163574584064004,2
481,137.29719877802498,1284,36.42,72.495,608.58,414,0.33163574584064004,2
482,142.27173496563458,1284,36.42,72.57,630.63,429,0.33163574584064004,2
483,130.66448386121218,1284,36.42,72.64500000000001,579.18,394,0.33163574584064004,2
484,128.67466938616835,1284,36.42,72.72,570.36,388,0.33163574584064004,2
485,137.96047026970626,1284,36.42,72.795,611.52,416,0.33163574584064004,2
486,139.61864899890946,1284,36.42,72.87,618.87,421,0.33163574584064004,2
487,131.6593910987341,1284,36.42,72.945,583.59,397,0.33163574584064004,2
488,142.6033707114752,1284,36.42,73.02000000000001,632.1,430,0.33163574584064004,2
489,139.2870132530688,1284,36.42,73.095,617.4,420,0.33163574584064004,2
490,138.95537750722818,1284,36.42,73.17,615.93,419,0.33163574584064004,2
491,137.96047026970626,1284,36.42,73.245,611.52,416,0.33163574584064004,2
492,129.66957662369026,1284,36.42,73.32,574.77,391,0.33163574584064004,2
493,137.96047026970626,1284,36.42,73.39500000000001,611.52,416,0.33163574584064004,2
494,134.9757485571405,1284,36.42,73.47,598.29,407,0.33163574584064004,2
495,129.66957662369026,1284,36.42,73.545,574.77,391,0.33163574584064004,2
496,138.62374176138755,1284,36.42,73.62,614.46,418,0.33163574584064004,2
497,138.62374176138755,1284,36.42,73.695,614.46,418,0.33163574584064004,2
498,140.28192049059075,1284,36.42,73.77000000000001,621.81,423,0.33163574584064004,2
499,139.2870132530688,1284,36.42,73.845,617.4,420,0.33163574584064004,2
500,132.32266259041538,1284,36.42,73.92,586.53,399,0.33163574584064004,2
501,140.945191982272,1284,36.42,73.995,624.75,425,0.33163574584064004,2
502,131.32775535289346,1284,36.42,74.07,582.12,396,0.33163574584064004,2
503,126.02158341944322,1284,36.42,74.14500000000001,558.6,380,0.33163574584064004,2
504,134.9757485571405,1284,36.42,74.22,598.29,407,0.33163574584064004,2
505,135.9706557946624,1284,36.42,74.295,602.7,410,0.33163574584064004,2
506,132.654298336256,1284,36.42,74.37,588.0,400,0.33163574584064004,2
507,141.6084634739533,1284,36.42,74.445,627.6899999999999,427,0.33163574584064004,2
508,138.62374176138755,1284,36.42,74.52000000000001,614.46,418,0.33163574584064004,2
509,134.3124770654592,1284,36.42,74.595,595.35,405,0.33163574584064004,2
510,130.0012123695309,1284,36.42,74.67,576.24,392,0.33163574584064004,2
511,138.62374176138755,1284,36.42,74.745,614.46,418,0.33163574584064004,2
512,142.6033707114752,1284,36.42,74.82,632.1,430,0.33163574584064004,2
513,126.35321916528386,1284,36.42,74.89500000000001,560.0699999999999,381,0.33163574584064004,2
514,131.32775535289346,1284,36.42,74.97,582.12,396,0.33163574584064004,2
515,138.2921060155469,1284,36.42,75.045,612.99,417,0.33163574584064004,2
516,131.32775535289346,1284,36.42,75.12,582.12,396,0.33163574584064004,2
517,127.34812640280578,1284,36.42,75.195,564.48,384,0.33163574584064004,2
518,130.33284811537155,1284,36.42,75.27000000000001,577.71,393,0.33163574584064004,2
519,129.00630513200898,1284,36.42,75.345,571.83,389,0.33163574584064004,2
520,141.94009921979395,1284,36.42,75.42,629.16,428,0.33163574584064004,2
521,141.27682772811266,1284,36.42,75.495,626.22,426,0.33163574584064004,2
522,130.0012123695309,1284,36.42,75.57,576.24,392,0.33163574584064004,2
523,133.3175698279373,1284,36.42,75.64500000000001,590.9399999999999,402,0.33163574584064004,2
524,129.3379408778496,1284,36.42,75.72,573.3,390,0.33163574584064004,2
525,127.01649065696513,1284,36.42,75.795,563.01,383,0.33163574584064004,2
526,139.9502847447501,1284,36.42,75.87,620.34,422,0.33163574584064004,2
527,126.02158341944322,1284,36.42,75.945,558.6,380,0.33163574584064004,2
528,131.6593910987341,1284,36.42,76.02000000000001,583.59,397,0.33163574584064004,2
529,131.32775535289346,1284,36.42,76.095,582.12,396,0.33163574584064004,2
530,139.61864899890946,1284,36.42,76.17,618.87,421,0.33163574584064004,2
531,135.30738430298115,1284,36.42,76.245,599.76,408,0.33163574584064004,2
532,141.27682772811266,1284,36.42,76.32000000000001,626.22,426,0.33163574584064004,2
533,142.6033707114752,1284,36.42,76.39500000000001,632.1,430,0.33163574584064004,2
534,139.61864899890946,1284,36.42,76.47,618.87,421,0.33163574584064004,2
535,129.00630513200898,1284,36.42,76.545,571.83,389,0.33163574584064004,2
536,135.30738430298115,1284,36.42,76.62,599.76,408,0.33163574584064004,2
537,134.9757485571405,1284,36.42,76.69500000000001,598.29,407,0.33163574584064004,2
538,131.32775535289346,1284,36.42,76.77000000000001,582.12,396,0.33163574584064004,2
539,129.00630513200898,1284,36.42,76.845,571.83,389,0.33163574584064004,2
540,137.29719877802498,1284,36.42,76.92,608.58,414,0.33163574584064004,2
541,141.27682772811266,1284,36.42,76.995,626.22,426,0.33163574584064004,2
542,128.67466938616835,1284,36.42,77.07000000000001,570.36,388,0.33163574584064004,2
543,140.28192049059075,1284,36.42,77.14500000000001,621.81,423,0.33163574584064004,2
544,134.9757485571405,1284,36.42,77.22,598.29,407,0.33163574584064004,2
545,131.99102684457475,1284,36.42,77.295,585.06,398,0.33163574584064004,2
546,127.01649065696513,1284,36.42,77.37,563.01,383,0.33163574584064004,2
547,138.62374176138755,1284,36.42,77.44500000000001,614.46,418,0.33163574584064004,2
548,141.94009921979395,1284,36.42,77.52000000000001,629.16,428,0.33163574584064004,2
549,128.01139789448706,1284,36.42,77.595,567.42,386,0.33163574584064004,2
550,141.27682772811266,1284,36.42,77.67,626.22,426,0.33163574584064004,2
551,133.3175698279373,1284,36.42,77.745,590.9399999999999,402,0.33163574584064004,2
552,131.6593910987341,1284,36.42,77.82000000000001,583.59,397,0.33163574584064004,2
553,134.3124770654592,1284,36.42,77.89500000000001,595.35,405,0.33163574584064004,2
554,142.27173496563458,1284,36.42,77.97,630.63,429,0.33163574584064004,2
555,132.98593408209666,1284,36.42,78.04500000000002,589.47,401,0.33163574584064004,2
556,133.3175698279373,1284,36.42,78.12,590.9399999999999,402,0.33163574584064004,2
557,130.0012123695309,1284,36.42,78.19500000000001,576.24,392,0.33163574584064004,2
558,142.27173496563458,1284,36.42,78.27000000000001,630.63,429,0.33163574584064004,2
559,130.66448386121218,1284,36.42,78.345,579.18,394,0.33163574584064004,2
560,142.6033707114752,1284,36.42,78.42000000000002,632.1,430,0.33163574584064004,2
561,127.67976214864642,1284,36.42,78.495,565.95,385,0.33163574584064004,2
562,129.3379408778496,1284,36.42,78.57000000000001,573.3,390,0.33163574584064004,2
563,140.61355623643138,1284,36.42,78.645,623.28,424,0.33163574584064004,2
564,126.35321916528386,1284,36.42,78.72,560.0699999999999,381,0.33163574584064004,2
565,135.63902004882178,1284,36.42,78.79499999999999,601.23,409,0.33163574584064004,2
566,140.28192049059075,1284,36.42,78.87,621.81,423,0.33163574584064004,2
567,128.3430336403277,1284,36.42,78.945,568.89,387,0.33163574584064004,2
568,131.99102684457475,1284,36.42,79.02,585.06,398,0.33163574584064004,2
569,133.98084131961858,1284,36.42,79.095,593.88,404,0.33163574584064004,2
570,131.32775535289346,1284,36.42,79.16999999999999,582.12,396,0.33163574584064004,2
571,133.98084131961858,1284,36.42,79.245,593.88,404,0.33163574584064004,2
572,134.9757485571405,1284,36.42,79.32,598.29,407,0.33163574584064004,2
573,142.6033707114752,1284,36.42,79.395,632.1,430,0.33163574584064004,2
574,129.00630513200898,1284,36.42,79.47,571.83,389,0.33163574584064004,2
575,131.32775535289346,1284,36.42,79.545,582.12,396,0.33163574584064004,2
576,131.99102684457475,1284,36.42,79.62,585.06,398,0.33163574584064004,2
577,142.27173496563458,1284,36.42,79.695,630.63,429,0.33163574584064004,2
578,137.6288345238656,1284,36.42,79.77,610.05,415,0.33163574584064004,2
579,135.9706557946624,1284,36.42,79.845,602.7,410,0.33163574584064004,2
580,132.32266259041538,1284,36.42,79.92,586.53,399,0.33163574584064004,2
581,126.02158341944322,1284,36.42,79.995,558.6,380,0.33163574584064004,2
582,137.29719877802498,1284,36.42,80.07,608.58,414,0.33163574584064004,2
583,130.66448386121218,1284,36.42,80.145,579.18,394,0.33163574584064004,2
584,137.96047026970626,1284,36.42,80.22,611.52,416,0.33163574584064004,2
585,131.6593910987341,1284,36.42,80.295,583.59,397,0.33163574584064004,2
586,132.32266259041538,1284,36.42,80.37,586.53,399,0.33163574584064004,2
587,127.67976214864642,1284,36.42,80.445,565.95,385,0.33163574584064004,2
588,141.27682772811266,1284,36.42,80.52,626.22,426,0.33163574584064004,2
589,131.32775535289346,1284,36.42,80.595,582.12,396,0.33163574584064004,2
590,136.6339272863437,1284,36.42,80.67,605.64,412,0.33163574584064004,2
591,136.6339272863437,1284,36.42,80.745,605.64,412,0.33163574584064004,2
592,133.3175698279373,1284,36.42,80.82,590.9399999999999,402,0.33163574584064004,2
593,142.27173496563458,1284,36.42,80.895,630.63,429,0.33163574584064004,2
594,136.96556303218435,1284,36.42,80.97,607.11,413,0.33163574584064004,2
595,136.96556303218435,1284,36.42,81.045,607.11,413,0.33163574584064004,2
596,141.27682772811266,1284,36.42,81.12,626.22,426,0.33163574584064004,2
597,133.64920557377795,1284,36.42,81.195,592.41,403,0.33163574584064004,2
598,132.654298336256,1284,36.42,81.27000000000001,588.0,400,0.33163574584064004,2
599,131.32775535289346,1284,36.42,81.345,582.12,396,0.33163574584064004,2
600,133.98084131961858,1284,36.42,81.42,593.88,404,0.33163574584064004,2
601,130.66448386121218,1284,36.42,81.495,579.18,394,0.33163574584064004,2
602,129.66957662369026,1284,36.42,81.57,574.77,391,0.33163574584064004,2
603,132.654298336256,1284,36.42,81.64500000000001,588.0,400,0.33163574584064004,2
604,137.6288345238656,1284,36.42,81.72,610.05,415,0.33163574584064004,2
605,142.6033707114752,1284,36.42,81.795,632.1,430,0.33163574584064004,2
606,129.66957662369026,1284,36.42,81.87,574.77,391,0.33163574584064004,2
607,137.29719877802498,1284,36.42,81.945,608.58,414,0.33163574584064004,2
608,138.95537750722818,1284,36.42,82.02000000000001,615.93,419,0.33163574584064004,2
609,140.28192049059075,1284,36.42,82.095,621.81,423,0.33163574584064004,2
610,130.66448386121218,1284,36.42,82.17,579.18,394,0.33163574584064004,2
611,137.29719877802498,1284,36.42,82.245,608.58,414,0.33163574584064004,2
612,135.63902004882178,1284,36.42,82.32,601.23,409,0.33163574584064004,2
613,140.28192049059075,1284,36.42,82.39500000000001,621.81,423,0.33163574584064004,2
614,139.2870132530688,1284,36.42,82.47,617.4,420,0.33163574584064004,2
615,127.67976214864642,1284,36.42,82.545,565.95,385,0.33163574584064004,2
616,134.3124770654592,1284,36.42,82.62,595.35,405,0.33163574584064004,2
617,140.61355623643138,1284,36.42,82.695,623.28,424,0.33163574584064004,2
618,130.9961196070528,1284,36.42,82.77000000000001,580.65,395,0.33163574584064004,2
619,130.66448386121218,1284,36.42,82.845,579.18,394,0.33163574584064004,2
620,127.34812640280578,1284,36.42,82.92,564.48,384,0.33163574584064004,2
621,126.35321916528386,1284,36.42,82.995,560.0699999999999,381,0.33163574584064004,2
622,137.96047026970626,1284,36.42,83.07,611.52,416,0.33163574584064004,2
623,129.00630513200898,1284,36.42,83.14500000000001,571.83,389,0.33163574584064004,2
624,137.6288345238656,1284,36.42,83.22,610.05,415,0.33163574584064004,2
625,129.66957662369026,1284,36.42,83.295,574.77,391,0.33163574584064004,2
626,135.63902004882178,1284,36.42,83.37,601.23,409,0.33163574584064004,2
627,138.95537750722818,1284,36.42,83.445,615.93,419,0.33163574584064004,2
628,142.27173496563458,1284,36.42,83.52000000000001,630.63,429,0.33163574584064004,2
629,130.9961196070528,1284,36.42,83.595,580.65,395,0.33163574584064004,2
630,136.30229154050306,1284,36.42,83.67,604.17,411,0.33163574584064004,2
631,128.01139789448706,1284,36.42,83.745,567.42,386,0.33163574584064004,2
632,136.30229154050306,1284,36.42,83.82,604.17,411,0.33163574584064004,2
633,127.34812640280578,1284,36.42,83.89500000000001,564.48,384,0.33163574584064004,2
634,140.61355623643138,1284,36.42,83.97,623.28,424,0.33163574584064004,2
635,137.6288345238656,1284,36.42,84.045,610.05,415,0.33163574584064004,2
636,133.3175698279373,1284,36.42,84.12,590.9399999999999,402,0.33163574584064004,2
637,131.99102684457475,1284,36.42,84.195,585.06,398,0.33163574584064004,2
638,141.6084634739533,1284,36.42,84.27000000000001,627.6899999999999,427,0.33163574584064004,2
639,127.01649065696513,1284,36.42,84.345,563.01,383,0.33163574584064004,2
640,128.67466938616835,1284,36.42,84.42,570.36,388,0.33163574584064004,2
641,126.68485491112449,1284,36.42,84.495,561.54,382,0.33163574584064004,2
642,132.654298336256,1284,36.42,84.57,588.0,400,0.33163574584064004,2
643,137.96047026970626,1284,36.42,84.64500000000001,611.52,416,0.33163574584064004,2
644,130.0012123695309,1284,36.42,84.72,576.24,392,0.33163574584064004,2
645,126.02158341944322,1284,36.42,84.795,558.6,380,0.33163574584064004,2
646,129.66957662369026,1284,36.42,84.87,574.77,391,0.33163574584064004,2
647,130.33284811537155,1284,36.42,84.945,577.71,393,0.33163574584064004,2
648,129.3379408778496,1284,36.42,85.02000000000001,573.3,390,0.33163574584064004,2
649,130.66448386121218,1284,36.42,85.095,579.18,394,0.33163574584064004,2
650,128.67466938616835,1284,36.42,85.17,570.36,388,0.33163574584064004,2
651,126.02158341944322,1284,36.42,85.245,558.6,380,0.33163574584064004,2
652,135.63902004882178,1284,36.42,85.32,601.23,409,0.33163574584064004,2
653,138.62374176138755,1284,36.42,85.39500000000001,614.46,418,0.33163574584064004,2
654,139.2870132530688,1284,36.42,85.47,617.4,420,0.33163574584064004,2
655,133.98084131961858,1284,36.42,85.545,593.88,404,0.33163574584064004,2
656,131.99102684457475,1284,36.42,85.62,585.06,398,0.33163574584064004,2
657,133.3175698279373,1284,36.42,85.69500000000001,590.9399999999999,402,0.33163574584064004,2
658,132.32266259041538,1284,36.42,85.77000000000001,586.53,399,0.33163574584064004,2
659,131.99102684457475,1284,36.42,85.845,585.06,398,0.33163574584064004,2
660,132.654298336256,1284,36.42,85.92,588.0,400,0.33163574584064004,2
661,141.27682772811266,1284,36.42,85.995,626.22,426,0.33163574584064004,2
662,134.9757485571405,1284,36.42,86.07000000000001,598.29,407,0.33163574584064004,2
663,135.30738430298115,1284,36.42,86.14500000000001,599.76,408,0.33163574584064004,2
664,127.01649065696513,1284,36.42,86.22,563.01,383,0.33163574584064004,2
665,130.33284811537155,1284,36.42,86.295,577.71,393,0.33163574584064004,2
666,128.67466938616835,1284,36.42,86.37,570.36,388,0.33163574584064004,2
667,140.945191982272,1284,36.42,86.44500000000001,624.75,425,0.33163574584064004,2
668,133.3175698279373,1284,36.42,86.52000000000001,590.9399999999999,402,0.33163574584064004,2
669,140.28192049059075,1284,36.42,86.595,621.81,423,0.33163574584064004,2
670,133.64920557377795,1284,36.42,86.67,592.41,403,0.33163574584064004,2
671,141.6084634739533,1284,36.42,86.745,627.6899999999999,427,0.33163574584064004,2
672,135.9706557946624,1284,36.42,86.82000000000001,602.7,410,0.33163574584064004,2
673,135.30738430298115,1284,36.42,86.89500000000001,599.76,408,0.33163574584064004,2
674,132.654298336256,1284,36.42,86.97,588.0,400,0.33163574584064004,2
675,130.0012123695309,1284,36.42,87.045,576.24,392,0.33163574584064004,2
676,127.34812640280578,1284,36.42,87.12,564.48,384,0.33163574584064004,2
677,127.67976214864642,1284,36.42,87.19500000000001,565.95,385,0.33163574584064004,2
678,128.01139789448706,1284,36.42,87.27000000000001,567.42,386,0.33163574584064004,2
679,141.94009921979395,1284,36.42,87.345,629.16,428,0.33163574584064004,2
680,127.34812640280578,1284,36.42,87.42000000000002,564.48,384,0.33163574584064004,2
681,140.945191982272,1284,36.42,87.495,624.75,425,0.33163574584064004,2
682,130.33284811537155,1284,36.42,87.57000000000001,577.71,393,0.33163574584064004,2
683,133.98084131961858,1284,36.42,87.64500000000001,593.88,404,0.33163574584064004,2
684,135.30738430298115,1284,36.42,87.72,599.76,408,0.33163574584064004,2
685,133.3175698279373,1284,36.42,87.79500000000002,590.9399999999999,402,0.33163574584064004,2
686,139.2870132530688,1284,36.42,87.87,617.4,420,0.33163574584064004,2
687,127.01649065696513,1284,36.42,87.94500000000001,563.01,383,0.33163574584064004,2
688,132.98593408209666,1284,36.42,88.02,589.47,401,0.33163574584064004,2
689,134.64411281129986,1284,36.42,88.095,596.8199999999999,406,0.33163574584064004,2
690,128.3430336403277,1284,36.42,88.16999999999999,568.89,387,0.33163574584064004,2
691,138.62374176138755,1284,36.42,88.245,614.46,418,0.33163574584064004,2
692,133.64920557377795,1284,36.42,88.32,592.41,403,0.33163574584064004,2
693,136.6339272863437,1284,36.42,88.395,605.64,412,0.33163574584064004,2
694,130.9961196070528,1284,36.42,88.47,580.65,395,0.33163574584064004,2
695,128.3430336403277,1284,36.42,88.54499999999999,568.89,387,0.33163574584064004,2
696,133.98084131961858,1284,36.42,88.62,593.88,404,0.33163574584064004,2
697,137.6288345238656,1284,36.42,88.695,610.05,415,0.33163574584064004,2
698,136.30229154050306,1284,36.42,88.77,604.17,411,0.33163574584064004,2
699,138.62374176138755,1284,36.42,88.845,614.46,418,0.33163574584064004,2
700,132.654298336256,1284,36.42,88.92,588.0,400,0.33163574584064004,2
701,134.64411281129986,1284,36.42,88.995,596.8199999999999,406,0.33163574584064004,2
702,133.3175698279373,1284,36.42,89.07,590.9399999999999,402,0.33163574584064004,2
703,130.0012123695309,1284,36.42,89.145,576.24,392,0.33163574584064004,2
704,126.68485491112449,1284,36.42,89.22,561.54,382,0.33163574584064004,2
705,136.30229154050306,1284,36.42,89.295,604.17,411,0.33163574584064004,2
706,139.9502847447501,1284,36.42,89.37,620.34,422,0.33163574584064004,2
707,139.61864899890946,1284,36.42,89.445,618.87,421,0.33163574584064004,2
708,133.98084131961858,1284,36.42,89.52,593.88,404,0.33163574584064004,2
709,127.01649065696513,1284,36.42,89.595,563.01,383,0.33163574584064004,2
710,128.3430336403277,1284,36.42,89.67,568.89,387,0.33163574584064004,2
711,133.64920557377795,1284,36.42,89.745,592.41,403,0.33163574584064004,2
712,136.30229154050306,1284,36.42,89.82,604.17,411,0.33163574584064004,2
713,127.34812640280578,1284,36.42,89.895,564.48,384,0.33163574584064004,2
714,131.6593910987341,1284,36.42,89.97,583.59,397,0.33163574584064004,2
715,140.945191982272,1284,36.42,90.045,624.75,425,0.33163574584064004,2
716,135.63902004882178,1284,36.42,90.12,601.23,409,0.33163574584064004,2
717,133.64920557377795,1284,36.42,90.195,592.41,403,0.33163574584064004,2
718,137.29719877802498,1284,36.42,90.27,608.58,414,0.33163574584064004,2
719,136.30229154050306,1284,36.42,90.345,604.17,411,0.33163574584064004,2
720,141.27682772811266,1284,36.42,90.42,626.22,426,0.33163574584064004,2
721,126.02158341944322,1284,36.42,90.495,558.6,380,0.33163574584064004,2
722,141.27682772811266,1284,36.42,90.57,626.22,426,0.33163574584064004,2
723,134.9757485571405,1284,36.42,90.64500000000001,598.29,407,0.33163574584064004,2
724,138.62374176138755,1284,36.42,90.72,614.46,418,0.33163574584064004,2
725,134.9757485571405,1284,36.42,90.795,598.29,407,0.33163574584064004,2
726,139.2870132530688,1284,36.42,90.87,617.4,420,0.33163574584064004,2
727,130.66448386121218,1284,36.42,90.945,579.18,394,0.33163574584064004,2
728,141.94009921979395,1284,36.42,91.02000000000001,629.16,428,0.33163574584064004,2
729,137.6288345238656,1284,36.42,91.095,610.05,415,0.33163574584064004,2
730,132.32266259041538,1284,36.42,91.17,586.53,399,0.33163574584064004,2
731,136.30229154050306,1284,36.42,91.245,604.17,411,0.33163574584064004,2
732,127.67976214864642,1284,36.42,91.32,565.95,385,0.33163574584064004,2
733,139.9502847447501,1284,36.42,91.39500000000001,620.34,422,0.33163574584064004,2
734,136.6339272863437,1284,36.42,91.47,605.64,412,0.33163574584064004,2
735,134.3124770654592,1284,36.42,91.545,595.35,405,0.33163574584064004,2
736,140.61355623643138,1284,36.42,91.62,623.28,424,0.33163574584064004,2
737,129.66957662369026,1284,36.42,91.695,574.77,391,0.33163574584064004,2
738,129.66957662369026,1284,36.42,91.77000000000001,574.77,391,0.33163574584064004,2
739,135.63902004882178,1284,36.42,91.845,601.23,409,0.33163574584064004,2
740,137.6288345238656,1284,36.42,91.92,610.05,415,0.33163574584064004,2
741,132.654298336256,1284,36.42,91.995,588.0,400,0.33163574584064004,2
742,142.6033707114752,1284,36.42,92.07,632.1,430,0.33163574584064004,2
743,130.33284811537155,1284,36.42,92.14500000000001,577.71,393,0.33163574584064004,2
744,142.27173496563458,1284,36.42,92.22,630.63,429,0.33163574584064004,2
745,142.6033707114752,1284,36.42,92.295,632.1,430,0.33163574584064004,2
746,137.6288345238656,1284,36.42,92.37,610.05,415,0.33163574584064004,2
747,135.30738430298115,1284,36.42,92.445,599.76,408,0.33163574584064004,2
748,134.64411281129986,1284,36.42,92.52000000000001,596.8199999999999,406,0.33163574584064004,2
749,128.01139789448706,1284,36.42,92.595,567.42,386,0.33163574584064004,2
750,129.00630513200898,1284,36.42,92.67,571.83,389,0.33163574584064004,2
751,129.3379408778496,1284,36.42,92.745,573.3,390,0.33163574584064004,2
752,129.3379408778496,1284,36.42,92.82,573.3,390,0.33163574584064004,2
753,133.64920557377795,1284,36.42,92.89500000000001,592.41,403,0.33163574584064004,2
754,130.0012123695309,1284,36.42,92.97,576.24,392,0.33163574584064004,2
755,142.27173496563458,1284,36.42,93.045,630.63,429,0.33163574584064004,2
756,139.61864899890946,1284,36.42,93.12,618.87,421,0.33163574584064004,2
757,134.3124770654592,1284,36.42,93.195,595.35,405,0.33163574584064004,2
758,140.28192049059075,1284,36.42,93.27000000000001,621.81,423,0.33163574584064004,2
759,133.64920557377795,1284,36.42,93.345,592.41,403,0.33163574584064004,2
760,135.9706557946624,1284,36.42,93.42,602.7,410,0.33163574584064004,2
761,140.61355623643138,1284,36.42,93.495,623.28,424,0.33163574584064004,2
762,134.3124770654592,1284,36.42,93.57,595.35,405,0.33163574584064004,2
763,140.28192049059075,1284,36.42,93.64500000000001,621.81,423,0.33163574584064004,2
764,132.654298336256,1284,36.42,93.72,588.0,400,0.33163574584064004,2
765,135.9706557946624,1284,36.42,93.795,602.7,410,0.33163574584064004,2
766,133.64920557377795,1284,36.42,93.87,592.41,403,0.33163574584064004,2
767,139.2870132530688,1284,36.42,93.945,617.4,420,0.33163574584064004,2
768,133.3175698279373,1284,36.42,94.02000000000001,590.9399999999999,402,0.33163574584064004,2
769,139.2870132530688,1284,36.42,94.095,617.4,420,0.33163574584064004,2
770,134.3124770654592,1284,36.42,94.17,595.35,405,0.33163574584064004,2
771,140.28192049059075,1284,36.42,94.245,621.81,423,0.33163574584064004,2
772,138.2921060155469,1284,36.42,94.32,612.99,417,0.33163574584064004,2
773,141.27682772811266,1284,36.42,94.39500000000001,626.22,426,0.33163574584064004,2
774,127.34812640280578,1284,36.42,94.47,564.48,384,0.33163574584064004,2
775,136.30229154050306,1284,36.42,94.545,604.17,411,0.33163574584064004,2
776,127.01649065696513,1284,36.42,94.62,563.01,383,0.33163574584064004,2
777,129.66957662369026,1284,36.42,94.695,574.77,391,0.33163574584064004,2
778,140.945191982272,1284,36.42,94.77000000000001,624.75,425,0.33163574584064004,2
779,132.32266259041538,1284,36.42,94.845,586.53,399,0.33163574584064004,2
780,130.66448386121218,1284,36.42,94.92,579.18,394,0.33163574584064004,2
781,142.27173496563458,1284,36.42,94.995,630.63,429,0.33163574584064004,2
782,130.9961196070528,1284,36.42,95.07000000000001,580.65,395,0.33163574584064004,2
783,138.95537750722818,1284,36.42,95.14500000000001,615.93,419,0.33163574584064004,2
784,136.30229154050306,1284,36.42,95.22,604.17,411,0.33163574584064004,2
785,129.66957662369026,1284,36.42,95.295,574.77,391,0.33163574584064004,2
786,141.27682772811266,1284,36.42,95.37,626.22,426,0.33163574584064004,2
787,140.61355623643138,1284,36.42,95.44500000000001,623.28,424,0.33163574584064004,2
788,130.9961196070528,1284,36.42,95.52000000000001,580.65,395,0.33163574584064004,2
789,140.945191982272,1284,36.42,95.595,624.75,425,0.33163574584064004,2
790,138.62374176138755,1284,36.42,95.67,614.46,418,0.33163574584064004,2
791,135.63902004882178,1284,36.42,95.745,601.23,409,0.33163574584064004,2
792,130.66448386121218,1284,36.42,95.82000000000001,579.18,394,0.33163574584064004,2
793,127.01649065696513,1284,36.42,95.89500000000001,563.01,383,0.33163574584064004,2
794,131.99102684457475,1284,36.42,95.97,585.06,398,0.33163574584064004,2
795,134.3124770654592,1284,36.42,96.045,595.35,405,0.33163574584064004,2
796,137.96047026970626,1284,36.42,96.12,611.52,416,0.33163574584064004,2
797,126.02158341944322,1284,36.42,96.19500000000001,558.6,380,0.33163574584064004,2
798,129.00630513200898,1284,36.42,96.27000000000001,571.83,389,0.33163574584064004,2
799,131.32775535289346,1284,36.42,96.345,582.12,396,0.33163574584064004,2
800,135.30738430298115,1284,36.42,96.42,599.76,408,0.33163574584064004,2
801,133.64920557377795,1284,36.42,96.495,592.41,403,0.33163574584064004,2
802,131.32775535289346,1284,36.42,96.57000000000001,582.12,396,0.33163574584064004,2
803,134.64411281129986,1284,36.42,96.64500000000001,596.8199999999999,406,0.33163574584064004,2
804,131.6593910987341,1284,36.42,96.72,583.59,397,0.33163574584064004,2
805,133.64920557377795,1284,36.42,96.79500000000002,592.41,403,0.33163574584064004,2
806,134.64411281129986,1284,36.42,96.87,596.8199999999999,406,0.33163574584064004,2
807,126.35321916528386,1284,36.42,96.94500000000001,560.0699999999999,381,0.33163574584064004,2
808,138.2921060155469,1284,36.42,97.02000000000001,612.99,417,0.33163574584064004,2
809,127.01649065696513,1284,36.42,97.095,563.01,383,0.33163574584064004,2
810,135.9706557946624,1284,36.42,97.17000000000002,602.7,410,0.33163574584064004,2
811,128.67466938616835,1284,36.42,97.245,570.36,388,0.33163574584064004,2
812,131.99102684457475,1284,36.42,97.32000000000001,585.06,398,0.33163574584064004,2
813,131.6593910987341,1284,36.42,97.395,583.59,397,0.33163574584064004,2
814,128.01139789448706,1284,36.42,97.47,567.42,386,0.33163574584064004,2
815,129.00630513200898,1284,36.42,97.54499999999999,571.83,389,0.33163574584064004,2
816,138.95537750722818,1284,36.42,97.62,615.93,419,0.33163574584064004,2
817,131.6593910987341,1284,36.42,97.695,583.59,397,0.33163574584064004,2
818,128.3430336403277,1284,36.42,97.77,568.89,387,0.33163574584064004,2
819,127.34812640280578,1284,36.42,97.845,564.48,384,0.33163574584064004,2
820,129.66957662369026,1284,36.42,97.91999999999999,574.77,391,0.33163574584064004,2
821,141.6084634739533,1284,36.42,97.995,627.6899999999999,427,0.33163574584064004,2
822,141.94009921979395,1284,36.42,98.07,629.16,428,0.33163574584064004,2
823,129.00630513200898,1284,36.42,98.145,571.83,389,0.33163574584064004,2
824,136.30229154050306,1284,36.42,98.22,604.17,411,0.33163574584064004,2
825,137.6288345238656,1284,36.42,98.295,610.05,415,0.33163574584064004,2
826,130.9961196070528,1284,36.42,98.37,580.65,395,0.33163574584064004,2
827,137.29719877802498,1284,36.42,98.445,608.58,414,0.33163574584064004,2
828,127.01649065696513,1284,36.42,98.52,563.01,383,0.33163574584064004,2
829,131.32775535289346,1284,36.42,98.595,582.12,396,0.33163574584064004,2
830,129.00630513200898,1284,36.42,98.67,571.83,389,0.33163574584064004,2
831,136.6339272863437,1284,36.42,98.745,605.64,412,0.33163574584064004,2
832,130.9961196070528,1284,36.42,98.82,580.65,395,0.33163574584064004,2
833,128.3430336403277,1284,36.42,98.895,568.89,387,0.33163574584064004,2
834,136.30229154050306,1284,36.42,98.97,604.17,411,0.33163574584064004,2
835,131.99102684457475,1284,36.42,99.045,585.06,398,0.33163574584064004,2
836,141.6084634739533,1284,36.42,99.12,627.6899999999999,427,0.33163574584064004,2
837,141.94009921979395,1284,36.42,99.195,629.16,428,0.33163574584064004,2
838,132.32266259041538,1284,36.42,99.27,586.53,399,0.33163574584064004,2
839,128.01139789448706,1284,36.42,99.345,567.42,386,0.33163574584064004,2
840,140.61355623643138,1284,36.42,99.42,623.28,424,0.33163574584064004,2
841,140.28192049059075,1284,36.42,99.495,621.81,423,0.33163574584064004,2
842,126.02158341944322,1284,36.42,99.57,558.6,380,0.33163574584064004,2
843,141.27682772811266,1284,36.42,99.645,626.22,426,0.33163574584064004,2
844,134.3124770654592,1284,36.42,99.72,595.35,405,0.33163574584064004,2
845,129.3379408778496,1284,36.42,99.795,573.3,390,0.33163574584064004,2
846,127.67976214864642,1284,36.42,99.87,565.95,385,0.33163574584064004,2
847,132.32266259041538,1284,36.42,99.945,586.53,399,0.33163574584064004,2
848,128.01139789448706,1284,36.42,100.02000000000001,567.42,386,0.33163574584064004,2
849,126.35321916528386,1284,36.42,100.095,560.0699999999999,381,0.33163574584064004,2
850,136.6339272863437,1284,36.42,100.17,605.64,412,0.33163574584064004,2
851,128.3430336403277,1284,36.42,100.245,568.89,387,0.33163574584064004,2
852,127.67976214864642,1284,36.42,100.32,565.95,385,0.33163574584064004,2
853,138.62374176138755,1284,36.42,100.39500000000001,614.46,418,0.33163574584064004,2
854,139.2870132530688,1284,36.42,100.47,617.4,420,0.33163574584064004,2
855,133.98084131961858,1284,36.42,100.545,593.88,404,0.33163574584064004,2
856,134.64411281129986,1284,36.42,100.62,596.8199999999999,406,0.33163574584064004,2
857,140.945191982272,1284,36.42,100.69500000000001,624.75,425,0.33163574584064004,2
858,138.62374176138755,1284,36.42,100.77,614.46,418,0.33163574584064004,2
859,130.66448386121218,1284,36.42,100.845,579.18,394,0.33163574584064004,2
860,134.3124770654592,1284,36.42,100.92,595.35,405,0.33163574584064004,2
861,134.9757485571405,1284,36.42,100.995,598.29,407,0.33163574584064004,2
862,128.01139789448706,1284,36.42,101.07000000000001,567.42,386,0.33163574584064004,2
863,140.61355623643138,1284,36.42,101.145,623.28,424,0.33163574584064004,2
864,142.27173496563458,1284,36.42,101.22,630.63,429,0.33163574584064004,2
865,134.9757485571405,1284,36.42,101.295,598.29,407,0.33163574584064004,2
866,129.3379408778496,1284,36.42,101.37,573.3,390,0.33163574584064004,2
867,129.3379408778496,1284,36.42,101.44500000000001,573.3,390,0.33163574584064004,2
868,129.3379408778496,1284,36.42,101.52,573.3,390,0.33163574584064004,2
869,130.33284811537155,1284,36.42,101.595,577.71,393,0.33163574584064004,2
870,140.61355623643138,1284,36.42,101.67,623.28,424,0.33163574584064004,2
871,141.94009921979395,1284,36.42,101.745,629.16,428,0.33163574584064004,2
872,128.3430336403277,1284,36.42,101.82000000000001,568.89,387,0.33163574584064004,2
873,132.98593408209666,1284,36.42,101.895,589.47,401,0.33163574584064004,2
874,130.66448386121218,1284,36.42,101.97,579.18,394,0.33163574584064004,2
875,128.67466938616835,1284,36.42,102.045,570.36,388,0.33163574584064004,2
876,133.98084131961858,1284,36.42,102.12,593.88,404,0.33163574584064004,2
877,140.61355623643138,1284,36.42,102.19500000000001,623.28,424,0.33163574584064004,2
878,138.2921060155469,1284,36.42,102.27,612.99,417,0.33163574584064004,2
879,133.64920557377795,1284,36.42,102.345,592.41,403,0.33163574584064004,2
880,127.01649065696513,1284,36.42,102.42,563.01,383,0.33163574584064004,2
881,128.67466938616835,1284,36.42,102.495,570.36,388,0.33163574584064004,2
882,129.66957662369026,1284,36.42,102.57000000000001,574.77,391,0.33163574584064004,2
883,129.3379408778496,1284,36.42,102.645,573.3,390,0.33163574584064004,2
884,126.68485491112449,1284,36.42,102.72,561.54,382,0.33163574584064004,2
885,139.2870132530688,1284,36.42,102.795,617.4,420,0.33163574584064004,2
886,128.01139789448706,1284,36.42,102.87,567.42,386,0.33163574584064004,2
887,142.27173496563458,1284,36.42,102.94500000000001,630.63,429,0.33163574584064004,2
888,142.27173496563458,1284,36.42,103.02,630.63,429,0.33163574584064004,2
889,140.945191982272,1284,36.42,103.095,624.75,425,0.33163574584064004,2
890,137.6288345238656,1284,36.42,103.17,610.05,415,0.33163574584064004,2
891,141.94009921979395,1284,36.42,103.245,629.16,428,0.33163574584064004,2
892,140.945191982272,1284,36.42,103.32000000000001,624.75,425,0.33163574584064004,2
893,140.945191982272,1284,36.42,103.395,624.75,425,0.33163574584064004,2
894,135.63902004882178,1284,36.42,103.47,601.23,409,0.33163574584064004,2
895,130.9961196070528,1284,36.42,103.545,580.65,395,0.33163574584064004,2
896,137.29719877802498,1284,36.42,103.62,608.58,414,0.33163574584064004,2
897,126.68485491112449,1284,36.42,103.69500000000001,561.54,382,0.33163574584064004,2
898,136.30229154050306,1284,36.42,103.77000000000001,604.17,411,0.33163574584064004,2
899,137.6288345238656,1284,36.42,103.845,610.05,415,0.33163574584064004,2
900,134.64411281129986,1284,36.42,103.92,596.8199999999999,406,0.33163574584064004,2
901,141.6084634739533,1284,36.42,103.995,627.6899999999999,427,0.33163574584064004,2
902,135.9706557946624,1284,36.42,104.07000000000001,602.7,410,0.33163574584064004,2
903,135.30738430298115,1284,36.42,104.14500000000001,599.76,408,0.33163574584064004,2
904,132.32266259041538,1284,36.42,104.22,586.53,399,0.33163574584064004,2
905,133.3175698279373,1284,36.42,104.295,590.9399999999999,402,0.33163574584064004,2
906,140.945191982272,1284,36.42,104.37,624.75,425,0.33163574584064004,2
907,140.61355623643138,1284,36.42,104.44500000000001,623.28,424,0.33163574584064004,2
908,137.29719877802498,1284,36.42,104.52000000000001,608.58,414,0.33163574584064004,2
909,139.9502847447501,1284,36.42,104.595,620.34,422,0.33163574584064004,2
910,141.94009921979395,1284,36.42,104.67,629.16,428,0.33163574584064004,2
911,130.0012123695309,1284,36.42,104.745,576.24,392,0.33163574584064004,2
912,130.66448386121218,1284,36.42,104.82000000000001,579.18,394,0.33163574584064004,2
913,133.98084131961858,1284,36.42,104.89500000000001,593.88,404,0.33163574584064004,2
914,130.0012123695309,1284,36.42,104.97,576.24,392,0.33163574584064004,2
915,138.95537750722818,1284,36.42,105.045,615.93,419,0.33163574584064004,2
916,135.30738430298115,1284,36.42,105.12,599.76,408,0.33163574584064004,2
917,128.67466938616835,1284,36.42,105.19500000000001,570.36,388,0.33163574584064004,2
918,133.98084131961858,1284,36.42,105.27000000000001,593.88,404,0.33163574584064004,2
919,126.35321916528386,1284,36.42,105.345,560.0699999999999,381,0.33163574584064004,2
920,136.6339272863437,1284,36.42,105.42,605.64,412,0.33163574584064004,2
921,127.34812640280578,1284,36.42,105.495,564.48,384,0.33163574584064004,2
922,133.3175698279373,1284,36.42,105.57000000000001,590.9399999999999,402,0.33163574584064004,2
923,142.6033707114752,1284,36.42,105.64500000000001,632.1,430,0.33163574584064004,2
924,130.0012123695309,1284,36.42,105.72,576.24,392,0.33163574584064004,2
925,129.00630513200898,1284,36.42,105.795,571.83,389,0.33163574584064004,2
926,136.30229154050306,1284,36.42,105.87,604.17,411,0.33163574584064004,2
927,133.64920557377795,1284,36.42,105.94500000000001,592.41,403,0.33163574584064004,2
928,140.28192049059075,1284,36.42,106.02000000000001,621.81,423,0.33163574584064004,2
929,127.67976214864642,1284,36.42,106.095,565.95,385,0.33163574584064004,2
930,140.28192049059075,1284,36.42,106.17,621.81,423,0.33163574584064004,2
931,135.9706557946624,1284,36.42,106.245,602.7,410,0.33163574584064004,2
932,128.67466938616835,1284,36.42,106.32000000000001,570.36,388,0.33163574584064004,2
933,128.67466938616835,1284,36.42,106.39500000000001,570.36,388,0.33163574584064004,2
934,129.00630513200898,1284,36.42,106.47,571.83,389,0.33163574584064004,2
935,135.30738430298115,1284,36.42,106.545,599.76,408,0.33163574584064004,2
936,136.6339272863437,1284,36.42,106.62,605.64,412,0.33163574584064004,2
937,138.62374176138755,1284,36.42,106.69500000000001,614.46,418,0.33163574584064004,2
938,133.98084131961858,1284,36.42,106.77,593.88,404,0.33163574584064004,2
939,126.68485491112449,1284,36.42,106.845,561.54,382,0.33163574584064004,2
940,131.6593910987341,1284,36.42,106.92,583.59,397,0.33163574584064004,2
941,142.6033707114752,1284,36.42,106.995,632.1,430,0.33163574584064004,2
942,127.01649065696513,1284,36.42,107.07,563.01,383,0.33163574584064004,2
943,129.00630513200898,1284,36.42,107.145,571.83,389,0.33163574584064004,2
944,135.9706557946624,1284,36.42,107.22,602.7,410,0.33163574584064004,2
945,128.67466938616835,1284,36.42,107.295,570.36,388,0.33163574584064004,2
946,130.9961196070528,1284,36.42,107.37,580.65,395,0.33163574584064004,2
947,126.35321916528386,1284,36.42,107.445,560.0699999999999,381,0.33163574584064004,2
948,142.27173496563458,1284,36.42,107.52,630.63,429,0.33163574584064004,2
949,139.61864899890946,1284,36.42,107.595,618.87,421,0.33163574584064004,2
950,139.9502847447501,1284,36.42,107.67,620.34,422,0.33163574584064004,2
951,139.2870132530688,1284,36.42,107.745,617.4,420,0.33163574584064004,2
952,133.98084131961858,1284,36.42,107.82,593.88,404,0.33163574584064004,2
953,137.96047026970626,1284,36.42,107.895,611.52,416,0.33163574584064004,2
954,141.27682772811266,1284,36.42,107.97,626.22,426,0.33163574584064004,2
955,127.01649065696513,1284,36.42,108.045,563.01,383,0.33163574584064004,2
956,128.01139789448706,1284,36.42,108.12,567.42,386,0.33163574584064004,2
957,141.94009921979395,1284,36.42,108.195,629.16,428,0.33163574584064004,2
958,127.01649065696513,1284,36.42,108.27,563.01,383,0.33163574584064004,2
959,127.67976214864642,1284,36.42,108.345,565.95,385,0.33163574584064004,2
960,140.61355623643138,1284,36.42,108.42,623.28,424,0.33163574584064004,2
961,126.02158341944322,1284,36.42,108.495,558.6,380,0.33163574584064004,2
962,135.9706557946624,1284,36.42,108.57,602.7,410,0.33163574584064004,2
963,127.34812640280578,1284,36.42,108.645,564.48,384,0.33163574584064004,2
964,141.94009921979395,1284,36.42,108.72,629.16,428,0.33163574584064004,2
965,129.00630513200898,1284,36.42,108.795,571.83,389,0.33163574584064004,2
966,130.66448386121218,1284,36.42,108.87,579.18,394,0.33163574584064004,2
967,127.67976214864642,1284,36.42,108.945,565.95,385,0.33163574584064004,2
968,137.6288345238656,1284,36.42,109.02,610.05,415,0.33163574584064004,2
969,135.63902004882178,1284,36.42,109.095,601.23,409,0.33163574584064004,2
970,137.29719877802498,1284,36.42,109.17,608.58,414,0.33163574584064004,2
971,133.64920557377795,1284,36.42,109.245,592.41,403,0.33163574584064004,2
972,131.6593910987341,1284,36.42,109.32,583.59,397,0.33163574584064004,2
973,128.67466938616835,1284,36.42,109.395,570.36,388,0.33163574584064004,2
974,126.02158341944322,1284,36.42,109.47,558.6,380,0.33163574584064004,2
975,133.3175698279373,1284,36.42,109.545,590.9399999999999,402,0.33163574584064004,2
976,130.66448386121218,1284,36.42,109.62,579.18,394,0.33163574584064004,2
977,141.94009921979395,1284,36.42,109.695,629.16,428,0.33163574584064004,2
978,130.66448386121218,1284,36.42,109.77,579.18,394,0.33163574584064004,2
979,132.98593408209666,1284,36.42,109.845,589.47,401,0.33163574584064004,2
980,139.61864899890946,1284,36.42,109.92,618.87,421,0.33163574584064004,2
981,130.66448386121218,1284,36.42,109.995,579.18,394,0.33163574584064004,2
982,127.34812640280578,1284,36.42,110.07000000000001,564.48,384,0.33163574584064004,2
983,139.2870132530688,1284,36.42,110.145,617.4,420,0.33163574584064004,2
984,128.67466938616835,1284,36.42,110.22,570.36,388,0.33163574584064004,2
985,128.67466938616835,1284,36.42,110.295,570.36,388,0.33163574584064004,2
986,130.0012123695309,1284,36.42,110.37,576.24,392,0.33163574584064004,2
987,133.98084131961858,1284,36.42,110.44500000000001,593.88,404,0.33163574584064004,2
988,140.945191982272,1284,36.42,110.52,624.75,425,0.33163574584064004,2
989,128.01139789448706,1284,36.42,110.595,567.42,386,0.33163574584064004,2
990,141.94009921979395,1284,36.42,110.67,629.16,428,0.33163574584064004,2
991,138.95537750722818,1284,36.42,110.745,615.93,419,0.33163574584064004,2
992,141.6084634739533,1284,36.42,110.82000000000001,627.6899999999999,427,0.33163574584064004,2
993,132.654298336256,1284,36.42,110.895,588.0,400,0.33163574584064004,2
994,127.01649065696513,1284,36.42,110.97,563.01,383,0.33163574584064004,2
995,133.64920557377795,1284,36.42,111.045,592.41,403,0.33163574584064004,2
996,127.01649065696513,1284,36.42,111.12,563.01,383,0.33163574584064004,2
997,132.32266259041538,1284,36.42,111.19500000000001,586.53,399,0.33163574584064004,2
998,138.2921060155469,1284,36.42,111.27,612.99,417,0.33163574584064004,2
999,134.64411281129986,1284,36.42,111.345,596.8199999999999,406,0.33163574584064004,2
